{
    "bed-1": {
        "title": "<strong>Ancient Bed Roman</strong>",
		"description": "This ancient bed is from Roman Times."
    },
    "bed-2": {
        "title": "<strong>Medieval Bed</strong>",
		"description": "This ancient bed is from Medieval Times."
    },
    "bed-3": {
        "title": "<strong>Ancient Bed Egyptian</strong>",
		"description": "This ancient bed is from ancient Egyptian Times."
    },
    "bed-4": {
        "title": "<strong>Ancient Bed Greek</strong>",
		"description": "This ancient bed is from Ancient Greek Times."
    }
}